full_name,gender
GARNBRET Janja,F
NOGUCHI Akiyo,F
COXSEY Shauna,F
MIROSLAW Aleksandra,F
NONAKA Miho,F
MORI Ai,F
ITO Futaba,F
KLINGLER Petra,F
RABOUTOU Brooke,F
PILZ Jessica,F
JAUBERT Anouck,F
CHANOURDIE Julia,F
SEO Chaehyun,F
KRAMPL Mia,F
NIU Di,F
LUKAN Vita,F
RAKOVEC Lucka,F
YIP Alannah,F
KURA Nanako,F
KAZBEKOVA Ievgeniia,F
ZHANG YueTong,F
KRASOVSKAYA Elena,F
GIBERT Fanny,F
SA Sol,F
CONDIE Kyra,F
SONG YiLing,F
ROGORA Laura,F
KALUCKA Aleksandra,F
MACKENZIE Oceania,F
REKABI Elnaz,F
CONTRERAS Alejandra,F
ROJAS Andrea,F
LETTNER Sandra,F
LEE Hung Ying,F
KOTAKE Mei,F
KOLLER Anne-Sophie,F
MESHKOVA Viktoriia,F
YOKOYAMA Sofya,F
KALUCKA Natalia,F
KIM Jain,F
CHUDZIAK Patrycja,F
GROSSMAN Natalia,F
KÜMIN Andrea,F
SHIRAISHI Ashima,F
BROZEK Anna,F
MARLENOVA Assel,F
AGAMBAYEVA Margarita,F
HÖNIG Afra,F
JOHNSON Alex,F
KOPF Sienna,F
JIANG Rong,F
AGUADO Valentina,F
KIM Lan,F
ULZHABAYEVA Tamara,F
MELIUS Tiffany,F
TUNYAVANICH Puntarika,F
STIRLING Lucinda Ann,F
SHIRAIWA Thais Makino,F
FRANGOS Rebecca,F
NEAME Joanna,F
CASTRO Bianca,F
YU Wai-ping,F
FERNÁNDEZ GUTIERREZ Arantza,F
DE CHARMOY RACHELLE,F
MACIAS FERREIRA Valeria,F
GADAMSHETTY Jayati,F
DE LA TORRE Jennifer Marie,F
ARUN Prateeksha,F
GONZÁLEZ RÁMIREZ María Fernanda,F
TETZLAFF Sarah,F
LUNA VELASCO Arantza,F
MANERIKAR Siddhi Shekhar,F
LEKURWALA Dhanshri,F
NARASAKI Tomoa,M
SCHUBERT Jakob,M
KHAIBULLIN Rishat,M
HARADA Kai,M
NARASAKI Meichi,M
FUJII Kokoro,M
MAWEM Mickael,M
MEGOS Alexander,M
FOSSALI Ludovico,M
MCCOLL Sean,M
FLOHÉ Yannick,M
COLEMAN Nathaniel,M
RUANA Rudolph,M
PICCOLRUAZ Michael,M
DOHI Keita,M
KRUDER Jernej,M
HOJER Jan,M
ONDRA Adam,M
GHISOLFI Stefano,M
CHON Jongwon,M
KIM Hanwool,M
KRIZ Jan,M
CORNU Manuel,M
LEHMANN Sascha,M
BOSI William,M
SKOFIC Domen,M
PUMAN Hannes,M
MAWEM Bassa,M
GRANJA Carlos,M
BOLDYREV Danyil,M
BROSLER John,M
REUSER Tim,M
PAN YuFei,M
COLLIN Nicolas,M
ZHONG QiXin,M
GINÉS LÓPEZ Alberto,M
CHAN Cheung-chi Shoji,M
BAILEY Sean,M
IARILOVETS Nikolai,M
BOMBARDI Marcello,M
CAO Long,M
GOODACRE Joe,M
SHIKOV Aleksandr,M
PEHARC Anze,M
KONECNY Jakub,M
STRANIK Martin,M
RIDAL William,M
LINACISORO MOLINA Mikel Asier,M
DZIENSKI Marcin,M
MARCUS Nimrod,M
KHAZANOV Alex,M
VALENCIA Danny,M
KIM Jabee,M
GALLA Zach,M
AU Chi-fung,M
HOLOWACH Jason,M
ADARSH Singh,M
DESGRANGES Romain,M
SHEMLA Yuval,M
HARRISON Campbell,M
LEE Dohyun,M
MAIBAM Chingkheinganba,M
TIMMERMANS Loïc,M
HO FOGANHOLO Felipe,M
GROSSO Cesar,M
RUANGRIT Winai,M
ABEL Ben,M
REKABI Davoud,M
LEVIN Ram,M
JIRAJATURAPAK Sirapob,M
LAVENDER Sam,M
SANDERS George,M
KUMAR Gaurav,M
PILPEL Yarden,M
CURTIS Calrin,M
ESTRADA DE ARTOLA Emmanuel,M
MINIELY Or,M
KHAN Sahil,M
GARCIA Santiago,M
VALDEZ GARDUÑO Emilio,M
WALDIN Thomas,M
MARNE Hritik,M
MOLINA FRANCO Javier Iván,M